{
  "pre": {
    "exact": 17.598039215686274,
    "brier": 0.03634525234811008
  },
  "calibrated": {
    "exact": 20.49019607843137,
    "brier": 0.03561182337347418
  },
  "stacked": {
    "exact": 24.129901960784313,
    "brier": 0.03444731681142002
  },
  "blend": {
    "exact": 24.816176470588236,
    "brier": 0.034509819635469195,
    "alpha": 0.25
  },
  "brier_improvement": 0.0018354327126408818,
  "exact_improvement": 7.218137254901961
}