{
  "alpha": 0.05,
  "pre": {
    "exact": 25.176946410515672,
    "brier": 0.03481933092698455
  },
  "cal": {
    "exact": 27.51171982719,
    "brier": 0.03359088513534516
  },
  "stack": {
    "exact": 32.59490762018568,
    "brier": 0.031640141680836675
  },
  "blend": {
    "exact": 32.70521187609155,
    "brier": 0.031665039806611325
  }
}